n,family,mean_rejections,se_rejections,mean_true_discoveries,se_true_discoveries,mean_false_discoveries,se_false_discoveries,empirical_fdr,se_fdr
50,alpha=1,3.306,0.041906086910138966,3.256,0.04052290841124445,0.05,0.007039144092114434,0.010416666666666666,0.0014806405583833633
50,alpha=2,3.231,0.04201671577365852,3.184,0.040617653720935114,0.047,0.006843817490102862,0.009733333333333332,0.0014273400161643219
50,exponential,2.644,0.04265071022952705,2.633,0.042356877896099765,0.011,0.003299983316607812,0.002666666666666667,0.0008159515230692998
200,alpha=1,3.36,0.04157076049494558,3.295,0.03991952615661375,0.065,0.007927032095168901,0.013785714285714287,0.0016972266861645846
200,alpha=2,3.295,0.04146920176100204,3.237,0.040030406361082994,0.058,0.007529455006352896,0.012535714285714285,0.0016408713407646818
200,exponential,2.842,0.041842404170730756,2.815,0.0410909170433499,0.027,0.005128089049275305,0.006366666666666667,0.001257617872735966
1000,alpha=1,3.432,0.04001221034855457,3.328,0.038182114580964134,0.104,0.00986312735805846,0.024816666666666667,0.0025445578194882783
1000,alpha=2,3.368,0.04007720277392351,3.277,0.03849354170185894,0.091,0.00920889807760971,0.021983333333333334,0.002413170068326631
1000,exponential,2.846,0.041881237303093594,2.808,0.041095313903471105,0.038,0.0060491811505849775,0.010683333333333333,0.002024219319328227
